phase,paper,model,status,quality,reviewStatus,seconds,costUsd,taskId,outputSha256
full,attention,xiaomi/mimo-v2.6-flash,incomplete,99.83,verified,119.323526,0.0086489592,af6d67068c57,be51e3921ea8459ec75f2618b479a7c0a2f8394fd8081dfd189fbb05f015ac7f
full,attention,z-ai/glm-5.3-flash,cancelled,99.0,verified,184.692195,,dfd194ec20d1,
full,attention,deepseek/deepseek-v4.1-flash,completed,99.83,verified,156.623598,0.196387272,f5f397e2ffd5,a343b0c886f42aaf44a12f63c9ffb878b35248e6b5b4a15febfcb9ad92f8ca60
full,attention,gpt-6-luna,completed,100.0,verified,79.002944,0.0177663,d86f4df08ad2,7fe556aea8505d2fbe2d082f8ca60f1b119bcdc7f4dcd3ce2d7efaf0da94021a
full,attention,Qwen/Qwen3.7-Flash,incomplete,97.75,verified,313.620991,,a4d971efa0a2,ce003f88d758421eb81118efe1754ffa6086a88b5fddf2cf18a46f58609202d4
full,bert,Qwen/Qwen3.7-Flash,incomplete,99.58,verified,444.176498,,334f1931e5dd,3e9e50222fc19d237f962e152f378ae88b994628347e9af3660757228bc56811
full,bert,z-ai/glm-5.3-flash,incomplete,89.67,verified,485.298881,,aacb9d1c9854,1c7b99d463247ff5298c0df5cf079090ed894239d688f7598ecdeea050ec5401
full,bert,xiaomi/mimo-v2.6-flash,incomplete,100.0,verified,293.348,,73f79e833722,be07146c85ccb579e49c348461919a980032e60578b31d055e0c8b7103373ef7
full,bert,gpt-6-luna,incomplete,99.58,verified,91.263566,0.04730009999999997,af95a4ed30dd,dbe50397b85c76091863e48d44e1a4bb98e855ff3ef88f5ea27e0535c51d0ca2
full,bert,deepseek/deepseek-v4.1-flash,incomplete,98.92,verified,236.868817,,8111ec347763,e84d3f717fc85f7a3b281b15794f235a50385eba758ca06b356b818c43611a97
full,resnet,gpt-6-luna,completed,99.5,verified,84.013697,0.038403799999999995,f38de5e8b92f,7749cb2b97bb5d75822ac4b6c33e251cace411b1ca9825a0556006e3d7b877f1
full,resnet,z-ai/glm-5.3-flash,failed,0.0,verified,8.258199,0,a7f745fe90d8,
full,resnet,deepseek/deepseek-v4.1-flash,failed,0.0,verified,10.240233,0,d1a97e913513,
full,resnet,Qwen/Qwen3.7-Flash,completed,98.92,verified,207.715638,,aa26363a5310,111cf243dcbfaa3b7a212d62fc139acb092eefe4cf02d8309f9ecec06844b746
full,resnet,xiaomi/mimo-v2.6-flash,incomplete,99.5,verified,204.760419,0.02013973360000001,095bf59fd934,e7b7e991f29c40e77dbafb8029e56caeb6915be0abe971d8397ba8bce274df70
